Domain,Status,Attractiveness,Demand,Length,Sectors,Created,Expires,Registrar
one.today,expiring,132,44%,3,"Business,General,Media,Technology",13/09/2023 15:15,13/09/2025 15:15,"Sav.com, LLC - 26"
brief.today,resell,124,19%,5,"Business,Education,General,Law",28/05/2025 15:15,28/05/2026 15:15,"Sav.com, LLC - 13"
complete.today,resell,120,21%,8,"Manufacturing,Retail,Technology",06/11/2019 09:06,06/11/2025 09:06,"Chengdu West Dimension Digital Technology Co., Ltd."
wizard.today,expired,118,42%,6,"Entertainment,Media,Technology",15/06/2024 17:02,15/06/2025 17:02,Dynadot Inc
tonic.today,resell,114,22%,5,"Health and Fitness,Medicine,Science",23/11/2022 22:21,23/11/2025 22:21,"GoDaddy.com, LLC"
acute.today,available,112,9%,5,"Mathematics,Medicine,Science",,,
abstract.today,available,108,29%,8,"Arts,Humanities,Science",,,
abiding.today,available,106,5%,7,"General,Religion",,,
teen.today,resell,104,14%,4,"Education,Entertainment,Healthcare",11/07/2017 07:45,11/07/2026 07:45,"Chengdu West Dimension Digital Technology Co., Ltd."
active.today,resell,104,27%,6,"Health and Fitness,Sports,Travel",18/11/2017 15:43,18/11/2025 15:43,"Chengdu West Dimension Digital Technology Co., Ltd."
expert.today,resell,104,26%,6,"Business,Education,Technology",07/05/2021 05:51,07/05/2026 05:51,"DNSPod, Inc."
extra.today,expired,102,26%,5,"Fashion,Retail,Technology",27/06/2024 03:40,27/06/2025 03:40,"GoDaddy.com, LLC"
absent.today,resell,102,8%,6,"Business,Education,Technology",10/10/2024 17:00,10/10/2025 17:00,"Sav.com, LLC - 44"
eighth.today,available,100,6%,6,Mathematics,,,
remove.today,resell,100,13%,6,"Construction,Manufacturing,Technology",30/05/2025 19:15,30/05/2026 19:15,"Sav.com, LLC"
abrupt.today,available,100,3%,6,"Medicine,Science",,,
ninth.today,available,100,9%,5,Mathematics,,,
adjunct.today,expired,100,5%,7,Education,03/07/2019 21:36,03/07/2025 21:36,"GoDaddy.com, LLC"
sixth.today,available,100,8%,5,Mathematics,,,
genius.today,resell,98,46%,6,"Arts,Education,Technology",08/03/2025 15:15,08/03/2026 15:15,"Xiamen ChinaSource Internet Service Co., Ltd"
abject.today,available,94,7%,6,Humanities,,,
adequate.today,available,94,9%,8,"Education,Healthcare,Technology",,,
exemplary.today,available,92,5%,9,"Business,Education,Healthcare",,,
derelict.today,available,92,7%,8,"Construction,Real Estate",,,
nought.today,available,92,4%,6,Mathematics,,,
twentieth.today,available,92,3%,9,Mathematics,,,
adjective.today,available,92,5%,9,Education,,,
neutral.today,available,92,20%,7,"Business,Media,Politics",,,
leash.today,available,90,7%,5,"General,Health and Fitness,Retail",,,
endearing.today,available,90,1%,9,"Entertainment,Fashion,Retail",,,
riveting.today,available,90,6%,8,"Entertainment,Media,Technology",,,
abortive.today,available,90,1%,8,"Medicine,Science",,,
gripping.today,available,90,3%,8,"Entertainment,Media,Technology",,,
addictive.today,available,90,9%,9,Healthcare,,,
adoring.today,available,90,2%,7,"Entertainment,Fashion,Retail",,,
sixteen.today,available,88,11%,7,Mathematics,,,
activist.today,available,88,12%,8,"Humanities,Politics",,,
ace.today,available,88,34%,3,Sports,,,
wide.today,available,88,18%,4,"Business,Media,Technology",,,
adlib.today,available,88,7%,6,Entertainment,,,
hundred.today,available,88,14%,7,Mathematics,,,
twelve.today,available,88,18%,6,"General,Mathematics",,,
proficient.today,available,88,8%,10,"Education,Health and Fitness,Sports",,,
recondite.today,available,86,4%,9,"Arts,Humanities,Science",,,
extempore.today,available,86,3%,9,Entertainment,,,
engrossing.today,available,86,0%,10,"Entertainment,Media,Technology",,,
intent.today,available,86,25%,6,"Business,Education,Technology",,,
xiv.today,available,86,12%,3,Mathematics,,,
aboriginal.today,available,86,10%,10,Humanities,,,
xix.today,available,86,11%,3,Mathematics,,,
star.today,resell,86,40%,4,"Entertainment,Media,Sports",19/02/2014 16:00,19/02/2026 16:00,"Chengdu West Dimension Digital Technology Co., Ltd."
attendant.today,available,86,5%,9,"Healthcare,Hospitality,Transportation",,,
adolescent.today,available,86,3%,10,"Education,Entertainment,Healthcare",,,
nineteen.today,available,84,8%,8,Mathematics,,,
seventeen.today,available,84,7%,9,Mathematics,,,
thousand.today,available,84,8%,8,Mathematics,,,
fourteen.today,available,84,8%,8,Mathematics,,,
acting.today,available,84,12%,6,Entertainment,,,
adjustable.today,available,84,3%,10,"Manufacturing,Retail,Technology",,,
twentytwo.today,available,84,11%,10,Mathematics,,,
accessory.today,available,84,8%,9,"Fashion,Retail,Technology",,,
cleansing.today,available,82,3%,9,Health and Fitness,,,
impromptu.today,available,82,16%,9,Entertainment,,,
decade.today,available,82,10%,6,Mathematics,,,
abroach.today,available,82,1%,7,Food and Beverage,,,
fivesome.today,available,82,1%,8,Sports,,,
abenaki.today,available,82,2%,7,Geography,,,
dozen.today,available,82,10%,5,Mathematics,,,
abkhaz.today,available,82,1%,6,Geography,,,
enduring.today,available,82,9%,8,"Health and Fitness,Religion",,,
absorbent.today,available,82,3%,9,"Healthcare,Manufacturing,Retail",,,
first.today,resell,80,36%,5,"General,Mathematics",04/01/2019 06:21,04/01/2026 06:21,"Xiamen ChinaSource Internet Service Co., Ltd"
seventh.today,available,80,10%,7,Mathematics,,,
absorbable.today,available,80,0%,10,"Healthcare,Pharmaceuticals,Science",,,
forty.today,available,80,9%,5,Mathematics,,,
absurd.today,available,80,16%,6,"Arts,Entertainment,Media",,,
wiz.today,expiring,80,30%,3,"Business,Education,Technology",10/09/2024 17:00,10/09/2025 17:00,CommuniGal Communication Ltd.
adoptable.today,available,80,3%,9,"Education,Healthcare",,,
worshipful.today,available,80,1%,10,"Education,Healthcare,Religion",,,
twenty.today,available,80,12%,6,Mathematics,,,
sequent.today,available,80,7%,7,"Healthcare,Insurance,Transportation",,,
dorsal.today,available,80,6%,6,"Medicine,Science",,,
honestly.today,available,78,9%,8,"Business,Law",,,
accessible.today,expired,78,21%,10,"Healthcare,Retail,Technology",22/06/2024 21:07,22/06/2025 21:07,"GoDaddy.com, LLC"
twentysix.today,available,78,8%,10,Mathematics,,,
sixtynine.today,available,78,8%,10,Mathematics,,,
adjacent.today,available,78,9%,8,"Construction,Real Estate,Retail",,,
adrenal.today,available,78,4%,7,"Education,Healthcare,Science",,,
abounding.today,available,78,2%,9,Agriculture,,,
abkhazian.today,available,78,1%,9,Geography,,,
acceptable.today,available,78,5%,10,"Business,Hospitality,Retail",,,
dormant.today,available,78,4%,7,"Medicine,Science",,,
recognised.today,available,78,3%,10,"Business,Education,Technology",,,
accidental.today,available,78,11%,10,"Healthcare,Insurance,Transportation",,,
acceptant.today,available,78,1%,9,"Education,Healthcare",,,
recognized.today,available,78,3%,10,"Business,Education,Technology",,,
absorptive.today,available,78,1%,10,"Healthcare,Manufacturing,Retail",,,
abkhasian.today,available,78,1%,9,Geography,,,
adaptable.today,available,76,9%,9,"Business,Education,Technology",,,
adhesive.today,available,76,7%,8,"Construction,Manufacturing,Technology",,,
adipose.today,available,76,2%,7,"Healthcare,Science",,,
eighteen.today,resell,76,7%,8,Mathematics,08/07/2024 11:15,08/07/2026 11:15,"GoDaddy.com, LLC"
thousandth.today,available,76,1%,10,Mathematics,,,
nineteenth.today,available,76,3%,10,Mathematics,,,
auxiliary.today,available,76,7%,9,"Healthcare,Manufacturing,Technology",,,
hundredth.today,available,76,1%,9,Mathematics,,,
fifteenth.today,available,76,2%,9,Mathematics,,,
fourteenth.today,available,76,1%,10,Mathematics,,,
ventral.today,available,76,3%,7,Science,,,
incidental.today,available,76,4%,10,"Healthcare,Insurance,Transportation",,,
resultant.today,available,76,2%,9,"Healthcare,Insurance,Transportation",,,
ancillary.today,available,76,6%,9,"Healthcare,Manufacturing,Technology",,,
adherent.today,available,76,4%,8,"Politics,Religion",,,
obscene.today,available,76,5%,7,"Entertainment,Media",,,
addable.today,available,76,2%,7,"Engineering,Mathematics,Science",,,
abrasive.today,available,76,6%,8,"Construction,Manufacturing",,,
threed.today,available,76,7%,7,Technology,,,
ague.today,available,76,2%,4,"Geography,Medicine,Science",,,
firstrate.today,available,76,6%,10,Business,,,
energizing.today,available,76,3%,10,"Food and Beverage,Health and Fitness,Travel",,,
improvise.today,available,76,4%,9,Entertainment,,,
acoustic.today,available,76,14%,8,Science,,,
cleared.today,available,74,7%,7,"Healthcare,Law,Transportation",,,
accepting.today,available,74,3%,9,"Education,Healthcare",,,
playing.today,resell,74,12%,7,Entertainment,27/01/2019 15:04,27/01/2026 15:04,Dynadot Inc
adrenergic.today,available,74,1%,10,"Education,Healthcare,Science",,,
sensation.today,available,74,7%,9,"Entertainment,Media,Sports",,,
adapted.today,available,74,6%,7,"Healthcare,Manufacturing,Technology",,,
supra.today,available,74,25%,5,"Medicine,Science",,,
broad.today,resell,74,13%,5,"Entertainment,General,Media",11/08/2024 04:19,11/08/2026 04:19,"NameCheap, Inc."
adenoid.today,available,74,1%,7,"Health and Fitness,Medicine,Science",,,
abnormal.today,available,74,16%,8,"Medicine,Science",,,
skilful.today,available,74,3%,7,"Education,Health and Fitness,Sports",,,
realizable.today,available,74,1%,10,"Business,Education,Technology",,,
manageable.today,available,74,4%,10,"Business,Education,Technology",,,
acuate.today,available,74,2%,6,"Engineering,Medicine,Science",,,
adamant.today,available,74,14%,7,Religion,,,
aberrant.today,available,74,6%,8,"Medicine,Science",,,
admirable.today,available,74,5%,9,"Business,Education,Healthcare",,,
mavin.today,available,74,7%,5,"Entertainment,Fashion,Technology",,,
existent.today,available,72,3%,8,"Mathematics,Science",,,
engrossed.today,available,72,1%,9,"Entertainment,Media,Technology",,,
ninetieth.today,available,72,1%,9,Mathematics,,,
adjectival.today,available,72,1%,10,Education,,,
eightieth.today,available,72,1%,9,Mathematics,,,
abreast.today,available,72,2%,7,"Business,Technology",,,
adiabatic.today,available,72,3%,9,"Engineering,Science",,,
addicted.today,available,72,9%,8,Healthcare,,,
absorbed.today,available,72,2%,8,"Entertainment,Media,Technology",,,
trinity.today,available,72,18%,7,Religion,,,
accusative.today,available,72,0%,10,"Humanities,Law",,,
adjunctive.today,available,72,1%,10,"Healthcare,Manufacturing,Technology",,,
seventieth.today,available,72,1%,10,Mathematics,,,
ternary.today,available,72,7%,7,Mathematics,,,
aching.today,available,72,4%,6,Healthcare,,,
accustomed.today,available,72,1%,10,"Business,Education,Humanities",,,
trey.today,available,72,14%,4,Sports,,,
ablaze.today,available,72,6%,6,Entertainment,,,
adonic.today,expiring,72,2%,6,"Arts,Education,Entertainment",18/09/2024 11:48,18/09/2025 11:48,Dynadot Inc
improvize.today,available,72,1%,9,Entertainment,,,
sixtieth.today,available,72,1%,8,Mathematics,,,
adaptative.today,available,72,1%,10,"Business,Education,Technology",,,
abloom.today,available,72,5%,6,Agriculture,,,
absolutist.today,available,72,1%,10,"Humanities,Law,Politics",,,
recumbent.today,available,70,2%,9,"Healthcare,Medicine,Science",,,
accumbent.today,available,70,1%,9,"Healthcare,Medicine,Science",,,
stillborn.today,available,70,2%,9,"Medicine,Science",,,
practiced.today,available,70,3%,9,"Education,Health and Fitness,Sports",,,
offhand.today,available,70,2%,7,Entertainment,,,
abradant.today,available,70,1%,8,"Construction,Manufacturing",,,
miserable.today,available,70,4%,9,Humanities,,,
consequent.today,available,70,3%,10,"Business,Education,General,Technology",,,
adamantine.today,available,70,4%,10,Religion,,,
skillful.today,available,70,9%,8,"Education,Health and Fitness,Sports",,,
adjusted.today,available,70,5%,8,"Manufacturing,Retail,Technology",,,
admired.today,available,70,5%,7,"Business,Education,Healthcare",,,
acuminate.today,available,70,1%,9,"Engineering,Medicine,Science",,,
abulic.today,available,70,1%,6,Medicine,,,
lowdown.today,available,70,6%,8,"Entertainment,Media",,,
absorbing.today,available,70,3%,9,"Entertainment,Media,Technology",,,
octonary.today,available,68,1%,8,Mathematics,,,
scurvy.today,available,68,3%,6,Humanities,,,
thirtieth.today,available,68,1%,9,Mathematics,,,
achaian.today,available,68,2%,7,Humanities,,,
fiftieth.today,available,68,0%,8,Mathematics,,,
sevener.today,available,68,1%,7,Mathematics,,,
septenary.today,available,68,1%,9,Mathematics,,,
ablative.today,available,68,3%,8,Science,,,
aberdonian.today,available,68,1%,10,Geography,,,
aroused.today,available,68,3%,7,"Entertainment,Health and Fitness",,,
licensed.today,available,68,5%,8,"Business,Healthcare,Insurance",,,
foursome.today,available,68,4%,8,Sports,,,
licenced.today,available,68,2%,8,"Business,Healthcare,Insurance",,,
abnaki.today,available,68,1%,6,Geography,,,
abducent.today,available,68,0%,8,Medicine,,,
abkhas.today,available,68,0%,6,Geography,,,
achaean.today,available,68,2%,7,Humanities,,,
aculeate.today,available,68,1%,8,"Engineering,Medicine,Science",,,
activating.today,available,68,3%,10,"Healthcare,Manufacturing,Technology",,,
ennead.today,available,68,5%,6,Mathematics,,,
acerate.today,available,68,1%,7,Science,,,
vindicated.today,available,68,2%,10,"Humanities,Law,Politics",,,
stygian.today,available,68,5%,7,Humanities,,,
threesome.today,expiring,68,5%,9,Entertainment,13/09/2024 08:26,13/09/2025 08:26,"Spaceship, Inc."
fortieth.today,available,68,0%,8,Mathematics,,,
ane.today,available,68,12%,3,Mathematics,,,
decorated.today,available,68,3%,9,"Entertainment,Fashion,Retail",,,
adopted.today,available,66,4%,7,"Education,Healthcare",,,
deuce.today,available,66,9%,5,Sports,,,
xxii.today,available,66,6%,4,Mathematics,,,
exonerated.today,available,66,2%,10,"Humanities,Law,Politics",,,
xii.today,available,66,10%,3,Mathematics,,,
fifty.today,available,66,12%,5,Mathematics,,,
teenager.today,available,66,4%,8,"Education,Entertainment,Healthcare",,,
accessary.today,available,66,1%,9,"Business,Law,Technology",,,
ninety.today,available,66,11%,6,Mathematics,,,
xviii.today,available,66,5%,5,Mathematics,,,
abstinent.today,available,66,1%,9,"Health and Fitness,Religion",,,
xxv.today,available,66,6%,3,Mathematics,,,
xvi.today,available,66,5%,3,Mathematics,,,
according.today,available,66,3%,9,"Business,Education,Technology",,,
eighty.today,available,66,6%,6,Mathematics,,,
modish.today,available,66,5%,6,Fashion,,,
clv.today,available,66,10%,3,Mathematics,,,
xvii.today,available,66,5%,4,Mathematics,,,
acrobatic.today,available,66,4%,9,"Entertainment,Sports",,,
acervate.today,available,66,1%,8,Science,,,
onec.today,available,66,6%,5,Mathematics,,,
performing.today,available,66,6%,10,Entertainment,,,
acappella.today,available,66,6%,10,Entertainment,,,
thirty.today,available,66,8%,6,Mathematics,,,
xxvi.today,available,66,3%,4,Mathematics,,,
sextet.today,available,66,1%,6,Entertainment,,,
tenner.today,available,66,5%,6,Finance,,,
adorned.today,available,66,5%,7,"Entertainment,Fashion,Retail",,,
xiii.today,available,66,9%,4,Mathematics,,,
absolved.today,available,64,1%,8,"Humanities,Law,Religion",,,
aflame.today,available,64,3%,6,Entertainment,,,
astringent.today,available,64,1%,10,"Healthcare,Pharmaceuticals",,,
scatty.today,available,64,1%,6,"Arts,Entertainment,Media",,,
acentric.today,available,64,2%,8,Science,,,
accordant.today,available,64,3%,9,"Arts,Entertainment",,,
nondrinker.today,available,64,1%,10,"Health and Fitness,Religion",,,
troika.today,available,62,8%,6,Politics,,,
accrued.today,available,62,2%,7,"Banking,Finance,Insurance",,,
eighteenth.today,available,62,1%,10,Mathematics,,,
wrapped.today,available,62,13%,7,"Fashion,Hospitality,Retail",,,
cumulative.today,available,62,2%,10,"Banking,Finance,Insurance",,,
nail.today,expiring,62,16%,4,"Construction,Fashion,General,Retail",01/09/2024 17:00,01/09/2025 17:00,CommuniGal Communication Ltd.
chiliad.today,available,62,2%,7,Mathematics,,,
roughly.today,available,62,3%,7,"Business,Media,Technology",,,
adoptive.today,available,62,1%,8,"Education,Healthcare",,,
exculpated.today,available,62,1%,10,"Humanities,Law,Politics",,,
quartet.today,available,62,7%,7,"Arts,Entertainment",,,
admissible.today,available,62,1%,10,"Education,Healthcare,Law",,,
fortyfour.today,available,62,6%,10,Mathematics,,,
eleventh.today,available,62,5%,8,Mathematics,,,
longdozen.today,available,62,2%,10,Mathematics,,,
accusing.today,available,62,1%,8,Law,,,
twodozen.today,available,62,1%,9,Mathematics,,,
orso.today,available,62,9%,5,"Business,Media,Technology",,,
aufait.today,available,62,3%,7,"Fashion,Media",,,
activistic.today,available,62,1%,10,"Humanities,Politics",,,
adjuvant.today,available,62,5%,8,"Healthcare,Manufacturing,Technology",,,
aborigine.today,available,62,1%,9,Humanities,,,
acidic.today,available,62,5%,6,"Food and Beverage,Science",,,
sixteenth.today,available,62,1%,9,Mathematics,,,
pungent.today,available,62,1%,7,Food and Beverage,,,
playacting.today,available,62,1%,10,Entertainment,,,
ensuant.today,available,62,1%,7,"Healthcare,Insurance,Transportation",,,
cautionary.today,available,60,1%,10,"Business,Education,Healthcare",,,
clxxx.today,available,60,1%,5,Mathematics,,,
octet.today,available,60,12%,5,Arts,,,
adnexal.today,available,60,1%,7,"Agriculture,Manufacturing,Retail",,,
annexal.today,available,60,1%,7,"Agriculture,Manufacturing,Retail",,,
cxl.today,available,60,7%,3,Mathematics,,,
aboveboard.today,available,60,5%,10,"Business,Law",,,
adnate.today,available,60,1%,6,"Agriculture,Manufacturing,Retail",,,
abstemious.today,available,60,0%,10,"Food and Beverage,Health and Fitness,Hospitality",,,
xcl.today,available,60,5%,3,Mathematics,,,
thou.today,available,60,7%,4,Mathematics,,,
eightysix.today,available,60,7%,10,Mathematics,,,
idolized.today,available,60,3%,8,"Entertainment,Fashion,Retail",,,
cxlv.today,available,60,2%,4,Mathematics,,,
cxv.today,available,60,4%,3,Mathematics,,,
cxxxv.today,available,60,2%,5,Mathematics,,,
clxxv.today,available,60,1%,5,Mathematics,,,
acceptive.today,available,60,1%,9,"Education,Healthcare",,,
abstainer.today,available,60,0%,9,"Health and Fitness,Religion",,,
clxx.today,available,60,3%,4,Mathematics,,,
abashed.today,available,60,1%,7,Humanities,,,
cxxx.today,available,60,4%,4,Mathematics,,,
paunchy.today,available,60,0%,7,"Health and Fitness,Medicine",,,
cxxv.today,available,60,1%,4,Mathematics,,,
tertiary.today,available,60,4%,8,Education,,,
cxx.today,available,60,10%,3,Mathematics,,,
idolised.today,available,60,1%,8,"Entertainment,Fashion,Retail",,,
clxv.today,available,60,1%,4,Mathematics,,,
tercet.today,available,59,2%,6,"Arts,Entertainment,Media",,,
addressed.today,available,58,3%,9,"Business,Technology,Telecommunications",,,
sixtyone.today,available,58,3%,9,Mathematics,,,
centesimal.today,available,58,1%,10,Mathematics,,,
accoutred.today,available,58,1%,9,"Fashion,Manufacturing,Retail",,,
sextuplet.today,available,58,1%,9,Healthcare,,,
adient.today,available,58,4%,6,"Medicine,Science",,,
octad.today,available,58,5%,5,Mathematics,,,
accented.today,available,58,3%,8,"Arts,Entertainment",,,
acyclic.today,available,58,4%,7,"Engineering,Mathematics,Science",,,
offhanded.today,available,58,1%,9,Entertainment,,,
actuarial.today,available,58,8%,9,"Finance,Insurance,Mathematics",,,
super.today,resell,58,47%,5,Business,19/02/2014 16:00,19/02/2026 16:00,1API GmbH
fourscore.today,available,58,4%,9,Mathematics,,,
eighter.today,available,58,2%,7,Mathematics,,,
tetrad.today,available,58,5%,6,Mathematics,,,
accretive.today,available,58,6%,9,"Banking,Finance,Insurance",,,
heptad.today,available,58,1%,6,Mathematics,,,
addible.today,available,58,2%,7,"Engineering,Mathematics,Science",,,
quintet.today,available,58,8%,7,"Arts,Entertainment",,,
lxxviii.today,available,58,1%,7,Mathematics,,,
aucourant.today,available,58,3%,10,"Fashion,Media",,,
acetic.today,available,58,1%,6,"Food and Beverage,Science",,,
fourth.today,available,58,13%,6,Mathematics,,,
seventy.today,available,58,7%,7,Mathematics,,,
sixer.today,available,58,5%,5,Sports,,,
justabout.today,available,58,3%,10,"Business,Media,Technology",,,
adjustive.today,available,58,1%,9,"Manufacturing,Retail,Technology",,,
enwrapped.today,available,58,0%,9,"Entertainment,Fashion,Media",,,
hexad.today,available,58,4%,5,Mathematics,,,
abuzz.today,available,58,5%,5,"Entertainment,Media,Technology",,,
linear.today,expired,58,22%,6,"Engineering,Mathematics,Science",26/06/2024 16:23,26/06/2025 16:23,PDR Ltd. d/b/a PublicDomainRegistry.com
pentad.today,available,58,2%,6,Mathematics,,,
lxxx.today,available,58,2%,4,Mathematics,,,
ache.today,available,58,7%,4,Healthcare,,,
niner.today,available,58,5%,5,Mathematics,,,
abridged.today,available,58,4%,8,Media,,,
closeto.today,available,58,3%,8,"Business,Media,Technology",,,
twelfth.today,available,58,2%,7,Mathematics,,,
fiftysix.today,available,56,4%,9,Mathematics,,,
xxxii.today,available,56,1%,5,Mathematics,,,
triad.today,available,56,15%,5,Arts,,,
ilx.today,available,56,5%,3,Mathematics,,,
xli.today,available,56,5%,3,Mathematics,,,
fortysix.today,available,56,3%,9,Mathematics,,,
lviii.today,available,56,1%,5,Mathematics,,,
xlvii.today,available,56,2%,5,Mathematics,,,
xxxviii.today,available,56,1%,7,Mathematics,,,
xlvi.today,available,56,3%,4,Mathematics,,,
xliii.today,available,56,1%,5,Mathematics,,,
terzetto.today,available,56,3%,8,Arts,,,
addled.today,available,56,2%,6,Entertainment,,,
thirtysix.today,available,56,5%,10,Mathematics,,,
xxxvii.today,available,56,2%,6,Mathematics,,,
admissive.today,available,56,1%,9,"Education,Healthcare,Hospitality",,,
xliv.today,available,56,2%,4,Mathematics,,,
fiftyfive.today,available,56,7%,10,Mathematics,,,
halfdozen.today,available,56,1%,10,Mathematics,,,
xlv.today,available,56,6%,3,Mathematics,,,
xxxv.today,available,56,4%,4,Mathematics,,,
fortyone.today,available,56,4%,9,Mathematics,,,
accoutered.today,available,56,0%,10,"Fashion,Manufacturing,Retail",,,
fiftynine.today,available,56,4%,10,Mathematics,,,
xlii.today,available,56,5%,4,Mathematics,,,
thirtyone.today,resell,56,5%,10,Mathematics,24/02/2025 10:48,24/02/2026 10:48,"NameCheap, Inc."
thirtytwo.today,available,56,5%,10,Mathematics,,,
xxix.today,available,56,4%,4,Mathematics,,,
appressed.today,available,56,0%,9,"Agriculture,Manufacturing,Retail",,,
liii.today,available,56,4%,4,Mathematics,,,
lvii.today,available,56,1%,4,Mathematics,,,
fortynine.today,available,56,3%,10,Mathematics,,,
admittible.today,available,56,1%,10,"Education,Healthcare,Hospitality",,,
maledict.today,available,56,1%,8,Religion,,,
xxiii.today,available,56,5%,5,Mathematics,,,
xxxiv.today,available,56,1%,5,Mathematics,,,
xlviii.today,available,56,1%,6,Mathematics,,,
fiftyone.today,available,56,7%,9,Mathematics,,,
abdominous.today,available,56,0%,10,"Health and Fitness,Medicine",,,
aone.today,expired,56,15%,5,Food and Beverage,04/06/2024 17:02,04/06/2025 17:02,"GoDaddy.com, LLC"
fortytwo.today,available,56,17%,9,Mathematics,,,
xxiv.today,available,56,5%,4,Mathematics,,,
xxviii.today,available,56,1%,6,Mathematics,,,
xxxvi.today,available,56,1%,5,Mathematics,,,
xxxi.today,available,56,9%,4,Mathematics,,,
xxvii.today,available,56,3%,5,Mathematics,,,
fiftyfour.today,available,56,3%,10,Mathematics,,,
potbellied.today,available,56,0%,10,"Health and Fitness,Medicine",,,
fiftytwo.today,available,56,6%,9,Mathematics,,,
abeyant.today,available,56,1%,7,"Business,Law",,,
admittable.today,available,56,1%,10,"Education,Healthcare,Hospitality",,,
lii.today,available,56,7%,3,Mathematics,,,
xxxiii.today,available,56,2%,6,Mathematics,,,
abasic.today,available,54,1%,6,Science,,,
adducting.today,available,54,1%,9,"Engineering,Mathematics,Science",,,
scratchy.today,available,54,3%,8,Fashion,,,
adjuratory.today,available,54,0%,10,"Law,Politics,Religion",,,
twoscore.today,available,54,2%,8,Mathematics,,,
adducent.today,available,54,1%,8,"Engineering,Mathematics,Science",,,
quintuplet.today,available,54,1%,10,"Healthcare,Medicine,Science",,,
abatic.today,available,54,1%,6,Science,,,
quadruplet.today,available,54,1%,10,"Healthcare,Medicine,Science",,,
abducens.today,available,54,1%,8,Medicine,,,
achromatic.today,available,54,4%,10,Science,,,
abhorrent.today,available,54,1%,9,Humanities,,,
admonitory.today,available,54,0%,10,"Business,Education,Healthcare",,,
ternion.today,available,54,3%,7,Mathematics,,,
quatern.today,available,54,2%,7,Mathematics,,,
abatable.today,available,54,1%,8,Law,,,
threescore.today,available,54,1%,10,Mathematics,,,
monitory.today,available,54,3%,8,"Business,Education,Healthcare",,,
viii.today,available,54,6%,4,Mathematics,,,
adductive.today,available,54,0%,9,"Engineering,Mathematics,Science",,,
quaternion.today,available,54,6%,10,Mathematics,,,
accentual.today,available,54,3%,9,"Arts,Entertainment",,,
abient.today,available,54,1%,6,Science,,,
achy.today,available,54,3%,4,Healthcare,,,
unnatural.today,available,54,4%,9,"Medicine,Science",,,
sise.today,available,54,5%,4,Mathematics,,,
accursed.today,available,54,3%,8,"Entertainment,Media,Religion",,,
adpressed.today,available,54,0%,9,"Agriculture,Manufacturing,Retail",,,
acoustical.today,available,54,4%,10,Science,,,
aboral.today,available,54,2%,6,Science,,,
vii.today,available,54,13%,3,Mathematics,,,
fortyfive.today,available,54,4%,10,Mathematics,,,
adaxial.today,available,54,2%,7,Science,,,
actuated.today,available,54,2%,8,"Automotive,Manufacturing,Technology",,,
abaxial.today,available,54,1%,7,Science,,,
deuceace.today,available,54,2%,9,Sports,,,
deserted.today,available,54,3%,8,"Hospitality,Real Estate",,,
septet.today,available,53,1%,6,General,,,
sestet.today,available,53,1%,6,Arts,,,
lxxxvii.today,available,52,1%,7,Mathematics,,,
xcvi.today,available,52,2%,4,Mathematics,,,
abusive.today,available,52,3%,7,"Healthcare,Law",,,
lxxxi.today,available,52,1%,5,Mathematics,,,
lxiii.today,available,52,2%,5,Mathematics,,,
lxxxii.today,available,52,1%,6,Mathematics,,,
repulsive.today,available,52,1%,9,Humanities,,,
lxxii.today,available,52,1%,5,Mathematics,,,
repugnant.today,available,52,1%,9,Humanities,,,
lxv.today,available,52,5%,3,Mathematics,,,
lxxvii.today,available,52,2%,6,Mathematics,,,
eightyone.today,available,52,3%,10,Mathematics,,,
lxii.today,available,52,1%,4,Mathematics,,,
ninetyone.today,available,52,5%,10,Mathematics,,,
xcvii.today,available,52,1%,5,Mathematics,,,
xcv.today,available,52,7%,3,Mathematics,,,
xciii.today,available,52,1%,5,Mathematics,,,
ablated.today,available,52,1%,7,Science,,,
decumbent.today,available,52,1%,9,"Healthcare,Medicine,Science",,,
adenoidal.today,available,52,1%,9,"Health and Fitness,Medicine,Science",,,
sixtyfour.today,available,52,3%,10,Mathematics,,,
lxxvi.today,available,52,1%,5,Mathematics,,,
lxxv.today,available,52,1%,4,Mathematics,,,
eightytwo.today,available,52,4%,10,Mathematics,,,
sixtyfive.today,available,52,3%,10,Mathematics,,,
chagrined.today,available,52,1%,9,Humanities,,,
lxxxv.today,available,52,1%,5,Mathematics,,,
xcviii.today,available,52,1%,6,Mathematics,,,
lxxiv.today,available,52,1%,5,Mathematics,,,
abominable.today,available,52,2%,10,"Entertainment,Humanities",,,
lxxxiv.today,available,52,1%,6,Mathematics,,,
lxxi.today,available,52,1%,4,Mathematics,,,
lxxxvi.today,available,52,1%,6,Mathematics,,,
ninetytwo.today,available,52,4%,10,Mathematics,,,
ixc.today,available,52,5%,3,Mathematics,,,
lxviii.today,available,52,1%,6,Mathematics,,,
ninetysix.today,available,52,4%,10,Mathematics,,,
lxxxiii.today,available,52,1%,7,Mathematics,,,
xciv.today,available,52,2%,4,Mathematics,,,
lxiv.today,available,52,3%,4,Mathematics,,,
xcii.today,available,52,2%,4,Mathematics,,,
lxi.today,available,52,5%,3,Mathematics,,,
detestable.today,available,52,1%,10,Humanities,,,
tierce.today,available,52,3%,6,General,,,
aboulic.today,available,52,1%,7,Medicine,,,
lxvii.today,available,52,1%,5,Mathematics,,,
odious.today,available,52,2%,6,"Entertainment,Humanities",,,
abysmal.today,available,52,4%,7,"Arts,Entertainment,Media",,,
sixtysix.today,available,52,4%,9,Mathematics,,,
littlejoe.today,available,52,2%,10,"Entertainment,Media",,,
xci.today,available,52,4%,3,Mathematics,,,
sixtytwo.today,available,52,3%,9,Mathematics,,,
lxxiii.today,available,52,1%,6,Mathematics,,,
lxvi.today,available,52,3%,4,Mathematics,,,
abstruse.today,available,52,5%,8,"Humanities,Mathematics,Science",,,
uphill.today,available,52,7%,6,"Sports,Transportation,Travel",,,
abomasal.today,available,50,0%,8,Agriculture,,,
abranchial.today,available,50,0%,10,Science,,,
abducting.today,available,50,0%,9,Medicine,,,
acetose.today,available,50,1%,7,Science,,,
acerose.today,available,50,1%,7,Science,,,
abactinal.today,available,50,0%,9,Science,,,
aculeated.today,available,50,0%,9,"Engineering,Medicine,Science",,,
triplet.today,available,50,8%,7,Science,,,
acquitted.today,available,50,1%,9,Law,,,
acetous.today,available,50,1%,7,Science,,,
acapnic.today,available,50,0%,7,"Healthcare,Medicine,Science",,,
vinegary.today,available,50,1%,8,Food and Beverage,,,
spinous.today,available,50,1%,7,"Agriculture,Science",,,
ogdoad.today,available,50,1%,6,Mathematics,,,
acerbic.today,available,50,2%,7,"Arts,Humanities,Media",,,
acellular.today,available,50,1%,9,Science,,,
abdicable.today,available,50,0%,9,Law,,,
gillless.today,available,50,0%,9,Science,,,
abbatial.today,available,50,0%,8,Religion,,,
acapnotic.today,available,50,0%,9,"Healthcare,Medicine,Science",,,
adhominem.today,available,50,2%,10,"Humanities,Law,Politics",,,
trine.today,available,50,11%,5,"General,Religion",,,
aborticide.today,available,50,0%,10,Medicine,,,
needlelike.today,available,50,0%,10,"Engineering,Medicine,Science",,,
scummy.today,available,50,1%,6,Humanities,,,
cinque.today,available,50,7%,6,Mathematics,,,
quint.today,available,50,13%,5,"Arts,Entertainment",,,
adactylous.today,available,50,0%,10,Science,,,
broached.today,available,50,0%,8,Food and Beverage,,,
acerb.today,available,50,2%,5,Science,,,
acaudal.today,available,50,1%,7,"Agriculture,Science",,,
apriori.today,available,48,13%,8,Mathematics,,,
execrable.today,available,48,0%,9,"Entertainment,Humanities",,,
ilxx.today,available,48,1%,4,Mathematics,,,
lxxxviii.today,available,48,1%,8,Mathematics,,,
abstracted.today,available,48,5%,10,"Arts,Humanities,Science",,,
ilxxx.today,available,48,1%,5,Mathematics,,,
abyssal.today,available,48,12%,7,"Arts,Entertainment,Media",,,
acapnial.today,available,46,0%,8,"Healthcare,Medicine,Science",,,
stripling.today,available,46,2%,9,"Education,Entertainment,Healthcare",,,
acanthoid.today,available,46,1%,9,"Agriculture,Science",,,
acaudate.today,available,46,1%,8,"Agriculture,Science",,,
cotyloid.today,available,46,1%,8,Science,,,
acetylic.today,available,46,1%,8,Science,,,
acephalous.today,available,46,1%,10,Science,,,
acanthotic.today,available,46,0%,10,"Agriculture,Science",,,
achromous.today,available,46,1%,9,Science,,,
acetylenic.today,available,46,1%,10,Science,,,
acheronian.today,available,46,1%,10,Humanities,,,
theabsurd.today,available,46,1%,10,"Arts,Entertainment,Media",,,
achenial.today,available,46,1%,8,Science,,,
acetonic.today,available,46,1%,8,Science,,,
vinegarish.today,available,46,1%,10,Food and Beverage,,,
acetabular.today,available,46,1%,10,Science,,,
acarpelous.today,available,46,0%,10,"Agriculture,Science",,,
acicular.today,available,46,2%,8,Science,,,
acarpous.today,available,46,0%,8,"Agriculture,Science",,,
quaternary.today,available,46,3%,10,Mathematics,,,
acanthous.today,available,46,0%,9,"Agriculture,Science",,,
stemless.today,available,46,2%,8,"Agriculture,Science",,,
achromic.today,available,46,2%,8,Science,,,
cotyloidal.today,available,44,1%,10,Science,,,
acherontic.today,available,44,1%,10,Humanities,,,
accusatory.today,available,44,1%,10,Law,,,
abscessed.today,available,41,0%,9,Healthcare,,,
scurrilous.today,available,40,1%,10,"Entertainment,Media,Politics",,,
accusive.today,available,40,1%,8,Law,,,
accurst.today,available,40,1%,7,Religion,,,